index,Zip Code,Population,People / Sq. Mile
1,10162,"1,726","151,834.77"
2,10028,"44,987","126,067.69"
3,10128,"59,856","122,356.52"
4,10031,"60,221","101,100.03"
5,10009,"58,595","100,687.04"
6,10032,"63,842","97,879.45"
7,11372,"71,308","97,325.47"
8,10016,"51,217","93,367.31"
9,10003,"53,673","93,255.87"
10,10002,"84,870","91,610.40"
11,10026,"30,377","91,152.04"
12,10023,"62,206","90,007.70"
13,10025,"97,086","88,306.24"
14,10453,"76,775","87,970.27"
15,10030,"25,847","85,824.24"
16,10021,"102,078","82,704.42"
17,11226,"106,154","81,064.34"
18,10029,"75,390","80,506.67"
19,10012,"26,000","80,124.51"
20,10033,"58,259","78,867.63"
21,10040,"46,599","75,283.14"
22,11104,"29,506","74,459.01"
23,10452,"72,138","74,380.42"
24,10011,"46,669","71,113.64"
25,10039,"21,737","70,988.68"
26,10456,"76,656","70,924.40"
27,10010,"26,408","70,827.70"
28,10468,"78,309","70,721.85"
29,10022,"30,642","68,953.71"
30,10037,"16,984","65,200.97"
31,10458,"77,840","62,296.26"
32,11103,"44,321","62,111.19"
33,11213,"65,440","61,712.16"
34,11373,"105,723","60,548.99"
35,10457,"69,048","58,547.95"
36,10024,"61,414","58,433.71"
37,10014,"32,667","57,977.33"
38,11216,"55,775","57,545.77"
39,11219,"85,987","57,544.50"
40,10472,"64,867","57,252.59"
41,11212,"85,161","55,655.62"
42,11221,"76,363","55,063.29"
43,10038,"15,574","55,019.61"
44,10027,"56,168","55,006.21"
45,11220,"92,718","54,760.03"
46,11218,"74,611","51,580.19"
47,10455,"37,465","50,333.01"
48,11106,"43,130","49,707.26"
49,10017,"16,201","49,391.49"
50,10462,"72,077","48,907.02"
51,11206,"69,032","48,593.28"
52,11237,"48,910","48,552.49"
53,11374,"44,189","48,499.11"
54,10019,"36,012","48,230.17"
55,11230,"88,933","48,088.05"
56,10034,"41,756","47,051.23"
57,11204,"74,880","46,953.11"
58,10459,"39,080","46,368.65"
59,11217,"35,353","46,140.97"
60,11233,"61,955","46,112.06"
61,10013,"25,042","45,458.99"
62,11211,"85,089","44,840.17"
63,11225,"63,774","44,803.32"
64,11102,"36,291","44,416.74"
65,10280,"6,614","44,080.87"
66,11419,"48,867","43,351.49"
67,11238,"48,965","42,063.29"
68,11355,"83,281","40,980.07"
69,10044,"9,520","39,391.64"
70,10451,"40,961","39,106.39"
71,11368,"98,841","38,864.33"
72,11210,"62,308","38,833.14"
73,11203,"84,498","38,695.54"
74,10463,"65,576","38,449.34"
75,11214,"83,546","38,227.99"
76,11223,"77,691","37,104.95"
77,11229,"80,554","36,919.61"
78,10036,"18,751","36,429.01"
79,11415,"20,956","35,355.55"
80,11435,"53,877","35,207.72"
81,11224,"51,205","35,066.79"
82,11416,"23,668","34,977.35"
83,11377,"88,339","34,536.25"
84,10454,"34,976","33,618.50"
85,10466,"68,787","33,497.36"
86,10467,"94,342","33,219.75"
87,11201,"47,746","33,114.98"
88,10460,"53,707","33,064.79"
89,11369,"36,110","32,616.57"
90,11207,"86,551","31,820.27"
91,11209,"69,840","31,098.42"
92,11421,"37,664","30,881.52"
93,11235,"77,451","30,866.46"
94,11370,"43,142","30,152.15"
95,11215,"63,001","27,309.38"
96,11236,"96,301","27,271.95"
97,11228,"41,172","27,177.25"
98,10475,"38,086","27,132.60"
99,11205,"35,622","26,893.82"
100,11375,"70,204","26,784.05"
101,11385,"97,524","26,384.56"
102,10473,"56,166","26,210.61"
103,10001,"17,310","26,111.88"
104,11432,"57,045","26,065.18"
105,11417,"28,607","25,964.14"
106,11105,"42,117","25,956.30"
107,11428,"21,023","25,192.34"
108,11208,"87,165","24,992.88"
109,11354,"54,329","24,948.16"
110,10469,"63,345","24,026.94"
111,10035,"32,702","23,818.08"
112,11231,"32,974","22,776.82"
113,11418,"36,571","22,694.55"
114,10282,"1,574","22,144.94"
115,10461,"49,808","21,734.34"
116,11222,"39,360","21,724.29"
117,11436,"18,148","21,578.65"
118,11420,"45,498","21,430.46"
119,10006,"1,447","21,409.87"
120,11232,"27,723","20,953.79"
121,11429,"27,647","20,794.49"
122,11367,"38,216","20,384.04"
123,10069,"1,403","20,318.57"
124,11239,"14,620","19,900.74"
125,11434,"59,142","19,683.46"
126,11412,"37,452","19,681.64"
127,11358,"38,647","19,661.60"
128,11423,"31,240","19,366.77"
129,10007,"3,522","19,229.09"
130,10550,"38,284","18,973.40"
131,10470,"15,780","18,653.90"
132,11366,"13,366","18,341.01"
133,11433,"28,435","18,129.86"
134,11411,"21,282","17,687.64"
135,11365,"41,566","17,380.05"
136,10705,"38,115","17,061.90"
137,11427,"23,014","15,531.36"
138,11379,"28,984","15,242.36"
139,11361,"29,206","15,180.72"
140,11692,"15,893","15,061.65"
141,10701,"63,715","15,054.57"
142,10553,"10,102","14,898.05"
143,11004,"14,682","14,388.66"
144,10018,"4,255","14,250.83"
145,10308,"26,451","14,230.06"
146,11357,"39,491","14,136.10"
147,11550,"59,022","13,976.06"
148,10703,"20,410","13,884.55"
149,10302,"16,406","13,875.40"
150,11378,"34,053","13,268.80"
151,11356,"20,444","13,186.78"
152,11691,"56,184","13,164.72"
153,11413,"39,827","13,046.46"
154,10310,"22,852","12,829.03"
155,11694,"19,278","12,713.02"
156,14201,"13,609","12,470.26"
157,11364,"34,539","12,340.99"
158,11414,"28,121","12,292.73"
159,11360,"19,350","12,040.46"
160,11005,"2,195","12,029.65"
161,11003,"40,507","11,863.18"
162,10005,884,"11,701.01"
163,14222,"14,365","11,664.08"
164,11426,"18,727","11,552.09"
165,10552,"19,948","11,540.74"
166,14213,"26,080","11,537.77"
167,12210,"9,492","11,492.07"
168,14208,"13,207","11,397.61"
169,10465,"42,500","11,299.91"
170,10805,"17,957","10,969.42"
171,11561,"39,582","10,930.38"
172,10304,"38,972","10,617.85"
173,10704,"29,158","10,377.31"
174,10801,"36,322","10,374.42"
175,14619,"14,754","10,354.31"
176,10301,"38,805","10,327.23"
177,10606,"15,733","10,282.38"
178,14621,"35,977","9,959.16"
179,11563,"23,231","9,882.81"
180,11010,"24,778","9,804.45"
181,14215,"44,484","9,690.50"
182,11501,"19,111","9,664.43"
183,11580,"37,759","9,630.82"
184,14607,"16,297","9,341.99"
185,12307,"6,843","9,169.28"
186,11001,"25,511","9,097.47"
187,11101,"25,595","9,029.74"
188,14613,"15,078","8,980.03"
189,10305,"38,450","8,962.46"
190,13203,"15,435","8,881.07"
191,11234,"86,898","8,846.37"
192,11575,"15,975","8,803.39"
193,11520,"44,026","8,753.04"
194,11362,"17,502","8,669.78"
195,14216,"23,587","8,644.17"
196,14217,"24,692","8,355.29"
197,11040,"39,157","8,296.10"
198,11553,"23,452","8,285.93"
199,11565,"9,140","8,279.74"
200,14211,"29,590","8,224.15"
201,14212,"15,364","8,191.81"
202,14605,"14,418","8,113.89"
203,10471,"23,413","8,057.39"
204,11756,"43,952","7,937.83"
205,10601,"8,991","7,936.76"
206,11363,"6,917","7,917.29"
207,11021,"19,623","7,814.84"
208,10708,"22,411","7,710.30"
209,11510,"32,346","7,662.68"
210,11570,"27,827","7,626.62"
211,11518,"11,202","7,625.48"
212,12206,"16,291","7,567.38"
213,10474,"11,354","7,487.55"
214,14608,"12,362","7,432.49"
215,10707,"9,447","7,431.76"
216,11581,"20,094","7,367.49"
217,14220,"26,550","7,277.11"
218,11726,"17,737","7,229.13"
219,11516,"7,068","7,227.73"
220,14209,"8,547","7,222.56"
221,11710,"34,463","7,180.97"
222,11507,"7,755","7,120.71"
223,10306,"55,698","7,104.18"
224,10307,"11,669","7,091.02"
225,11762,"24,471","7,036.96"
226,10312,"58,867","7,013.96"
227,14214,"21,860","6,922.39"
228,11596,"10,572","6,902.69"
229,14223,"24,094","6,870.35"
230,11757,"46,458","6,788.98"
231,11590,"42,507","6,740.76"
232,10314,"84,821","6,550.27"
233,14611,"19,774","6,548.21"
234,11598,"13,226","6,448.78"
235,10573,"36,300","6,381.76"
236,12308,"13,346","6,271.39"
237,14620,"28,094","6,222.20"
238,14609,"43,665","6,050.66"
239,14204,"10,040","5,948.37"
240,10709,"9,093","5,939.63"
241,11554,"37,458","5,935.83"
242,13210,"27,352","5,930.10"
243,11801,"39,449","5,886.96"
244,14207,"22,986","5,869.13"
245,11572,"31,241","5,811.68"
246,11552,"23,309","5,764.81"
247,11096,"7,975","5,652.90"
248,14301,"14,257","5,638.63"
249,13205,"20,592","5,613.24"
250,12209,"9,772","5,551.27"
251,13208,"21,440","5,492.83"
252,10303,"23,530","5,426.00"
253,11701,"26,379","5,418.60"
254,11783,"22,162","5,410.64"
255,14202,"4,136","5,347.45"
256,13202,"5,434","5,308.76"
257,10803,"12,124","5,235.08"
258,11703,"16,336","5,198.82"
259,14210,"16,681","5,160.82"
260,10566,"22,441","5,144.16"
261,11704,"40,114","5,132.92"
262,10710,"25,202","5,080.70"
263,11514,"5,214","5,051.58"
264,14616,"27,119","5,028.69"
265,10538,"16,780","4,903.75"
266,11422,"30,449","4,873.21"
267,14604,"1,683","4,859.79"
268,11717,"51,485","4,811.43"
269,11795,"27,127","4,796.40"
270,10927,"10,117","4,766.39"
271,11709,"7,135","4,623.98"
272,11023,"8,501","4,602.49"
273,11803,"27,767","4,592.07"
274,13207,"14,890","4,586.69"
275,11579,"5,141","4,586.12"
276,12202,"10,021","4,555.80"
277,11784,"26,411","4,538.64"
278,12305,"5,922","4,514.94"
279,12208,"21,307","4,499.43"
280,10543,"19,427","4,498.69"
281,11729,"28,280","4,452.72"
282,11693,"11,157","4,421.44"
283,10522,"10,622","4,393.12"
284,14206,"22,988","4,384.32"
285,10993,"4,263","4,336.89"
286,13204,"20,826","4,335.77"
287,10968,"2,424","4,327.38"
288,11758,"54,933","4,269.51"
289,11566,"35,606","4,208.12"
290,11789,"7,660","4,169.97"
291,10977,"49,211","4,165.50"
292,11722,"34,491","4,144.04"
293,10530,"12,453","4,100.18"
294,14226,"29,382","4,086.59"
295,11577,"12,176","4,085.05"
296,11558,"8,553","4,058.93"
297,13501,"36,076","4,053.65"
298,11714,"23,012","3,919.34"
299,13206,"16,562","3,872.20"
300,14614,926,3864.27
301,10309,"27,207","3,862.03"
302,11542,"27,693","3,851.36"
303,10923,"9,273","3,839.40"
304,11741,"27,857","3,777.43"
305,11751,"15,083","3,740.96"
306,10503,115,"3,711.09"
307,14445,"8,179","3,627.26"
308,12801,"14,374","3,620.84"
309,11548,"2,514","3,577.51"
310,11798,"15,199","3,564.91"
311,10605,"17,414","3,539.91"
312,11950,"14,583","3,510.68"
313,11731,"31,250","3,510.64"
314,10952,"31,947","3,484.57"
315,11755,"11,402","3,475.49"
316,11706,"60,460","3,435.12"
317,10960,"14,687","3,431.92"
318,11718,"3,061","3,431.70"
319,10603,"16,389","3,426.90"
320,14610,"14,534","3,424.82"
321,11720,"28,105","3,394.21"
322,11509,"2,861","3,375.95"
323,14043,"26,537","3,365.10"
324,14802,"3,954","3,323.13"
325,13219,"15,700","3,294.10"
326,11530,"26,482","3,276.11"
327,11767,"13,841","3,271.23"
328,10528,"12,312","3,238.25"
329,10804,"14,131","3,211.79"
330,11738,"16,811","3,211.46"
331,10532,"5,582","3,197.88"
332,10502,"4,935","3,153.93"
333,11793,"32,753","3,150.70"
334,10954,"23,189","3,123.73"
335,10583,"39,091","3,121.83"
336,11557,"7,966","3,112.17"
337,11776,"22,440","3,087.49"
338,11772,"41,913","3,071.46"
339,14606,"29,187","2,981.03"
340,11725,"29,412","2,979.12"
341,14150,"44,535","2,944.39"
342,12183,"2,278","2,944.20"
343,11735,"32,159","2,925.28"
344,12203,"32,866","2,913.19"
345,11796,"3,835","2,902.73"
346,11050,"28,545","2,880.49"
347,11753,"11,648","2,878.28"
348,14225,"35,893","2,848.60"
349,11779,"39,321","2,844.32"
350,14617,"22,967","2,821.19"
351,11804,"5,014","2,794.57"
352,10965,"14,522","2,791.69"
353,11790,"18,374","2,775.54"
354,12304,"20,969","2,772.23"
355,13088,"22,139","2,742.59"
356,14227,"24,573","2,740.38"
357,11732,"3,804","2,737.67"
358,11754,"18,847","2,728.64"
359,11715,"4,407","2,723.33"
360,11752,"9,881","2,711.74"
361,13224,"9,052","2,711.69"
362,10983,"5,756","2,702.92"
363,11746,"62,828","2,697.38"
364,11727,"25,603","2,696.83"
365,14615,"16,158","2,674.93"
366,11951,"12,794","2,627.54"
367,14904,"16,862","2,619.31"
368,10607,"7,493","2,612.91"
369,11030,"17,148","2,610.13"
370,14068,"10,027","2,593.06"
371,13214,"8,764","2,578.47"
372,11721,"6,218","2,567.78"
373,13116,"3,351","2,557.51"
374,11576,"11,810","2,536.16"
375,14218,"20,203","2,531.91"
376,11740,"9,647","2,516.23"
377,10706,"9,187","2,511.34"
378,14305,"20,319","2,502.48"
379,14622,"12,027","2,441.99"
380,10562,"31,035","2,437.70"
381,11742,"12,119","2,419.70"
382,13417,"3,180","2,393.51"
383,12189,"16,783","2,363.06"
384,14303,"7,128","2,335.86"
385,10591,"21,590","2,321.65"
386,12207,"2,187","2,297.57"
387,11787,"34,794","2,258.42"
388,14905,"9,407","2,256.76"
389,11705,"8,007","2,248.98"
390,14221,"51,448","2,247.52"
391,11024,"7,564","2,245.55"
392,14618,"22,387","2,222.58"
393,11769,"9,729","2,202.53"
394,12601,"43,130","2,179.49"
395,10996,"7,126","2,178.17"
396,10004,"1,225","2,162.99"
397,11020,"4,043","2,153.65"
398,11791,"24,445","2,151.50"
399,11777,"9,025","2,080.21"
400,13212,"20,878","2,047.08"
401,12047,"18,167","2,043.44"
402,10604,"10,430","2,034.57"
403,10956,"31,071","2,031.75"
404,13090,"30,934","2,030.38"
405,11697,"4,226","2,029.93"
406,14626,"29,120","2,028.67"
407,14224,"40,509","2,014.20"
408,10523,"7,489","2,000.66"
409,11559,"8,103","1,999.99"
410,10580,"16,737","1,975.15"
411,10594,"5,460","1,939.75"
412,14219,"13,050","1,929.24"
413,10533,"7,464","1,897.03"
414,14612,"35,665","1,890.45"
415,10989,"9,381","1,885.12"
416,12205,"26,337","1,835.88"
417,11730,"16,050","1,833.81"
418,11967,"24,943","1,832.55"
419,11788,"16,836","1,803.33"
420,11797,"9,005","1,782.14"
421,10570,"12,366","1,781.36"
422,11763,"24,743","1,759.91"
423,10984,"2,298","1,736.36"
424,12130,899,"1,733.37"
425,11713,"9,160","1,732.65"
426,12303,"27,942","1,728.34"
427,10976,"1,795","1,678.55"
428,12466,"3,101","1,674.28"
429,14514,"4,722","1,673.19"
430,12543,"3,133","1,668.31"
431,11733,"20,382","1,651.09"
432,12204,"6,792","1,646.06"
433,12309,"30,057","1,611.39"
434,10048,55,"1,601.72"
435,12211,"10,684","1,588.40"
436,10511,"2,189","1,576.31"
437,11743,"41,566","1,559.41"
438,11766,"9,365","1,558.49"
439,11547,666,"1,555.33"
440,13495,"2,271","1,535.45"
441,12550,"52,084","1,526.83"
442,10920,"8,937","1,501.97"
443,11782,"15,897","1,453.01"
444,11934,"6,539","1,449.89"
445,13603,"7,498","1,448.79"
446,11778,"11,514","1,447.04"
447,11768,"21,676","1,444.73"
448,12110,"20,463","1,437.10"
449,14623,"27,387","1,420.83"
450,10548,"4,076","1,403.00"
451,14625,"10,792","1,394.14"
452,10464,"4,634","1,389.08"
453,10165,7,"1,388.41"
454,10547,"8,544","1,381.14"
455,11702,"14,975","1,376.33"
456,14304,"30,960","1,374.18"
457,10595,"7,482","1,373.58"
458,13211,"6,425","1,326.58"
459,14120,"43,144","1,324.90"
460,14624,"38,231","1,314.47"
461,11780,"14,920","1,299.60"
462,12508,"19,487","1,274.97"
463,10925,"4,986","1,274.28"
464,14450,"40,748","1,262.97"
465,10994,"6,493","1,261.80"
466,11747,"16,152","1,245.36"
467,11953,"12,364","1,243.55"
468,14051,"17,991","1,212.22"
469,10913,"5,076","1,207.75"
470,12603,"41,667","1,204.08"
471,11716,"10,360","1,199.21"
472,12182,"14,104","1,147.45"
473,12803,"7,394","1,145.43"
474,11764,"11,120","1,139.01"
475,12084,"4,214","1,136.55"
476,14228,"19,713","1,129.05"
477,12045,746,"1,125.11"
478,10598,"29,368","1,121.59"
479,14526,"19,789","1,120.06"
480,11786,"5,883","1,118.01"
481,12065,"38,866","1,109.20"
482,13905,"27,506","1,099.40"
483,13615,"1,027","1,099.36"
484,12144,"18,367","1,062.86"
485,14075,"42,082","1,039.63"
486,10950,"38,791","1,005.04"
487,10588,"2,006","1,003.06"
488,14580,"43,824",996.63
489,10541,"26,693",996.17
490,14504,"1,312",990.22
491,11955,"2,652",985.91
492,14534,"30,270",979.31
493,13209,"13,774",974.3
494,10537,"2,032",971.35
495,11724,"3,040",967.48
496,14467,"8,738",964.8
497,12590,"33,523",959.35
498,13039,"14,562",958.02
499,12471,174,953.9
500,10589,"7,363",943.27
601,14102,"1,111",454.44
602,14480,641,451.18
603,12804,"24,083",450.81
604,11968,"12,032",436.53
605,12533,"22,254",435.17
606,13027,"29,108",434.72
607,12061,"7,872",433.02
608,11901,"22,897",431.22
609,12472,"1,654",430.29
610,14425,"9,658",429.51
611,10536,"10,612",428.51
612,12513,"1,043",427.87
613,12901,"32,253",426.59
614,12979,"2,450",426.2
615,10504,"7,185",425.72
616,10980,"12,670",423.53
617,10921,"3,879",414.81
618,11963,"6,664",411.57
619,12771,"13,847",408
620,13215,"14,461",406.9
621,14094,"51,376",405.29
622,10527,"1,097",405.03
623,11977,"2,143",404.86
624,12027,"3,659",404.45
625,10512,"23,924",396.59
626,11569,"1,559",396.57
627,13341,54,394.32
628,14555,"1,287",393.57
629,14006,"10,884",393.03
630,10941,"13,118",390.34
631,14506,"1,289",390.22
632,13904,"9,619",387
633,12563,"7,252",383.81
634,13638,363,382.81
635,14750,"4,623",382.7
636,14559,"15,919",382.66
637,13838,"4,956",380.5
638,10931,881,377.37
639,12839,"11,945",374.62
640,13440,"44,797",374.33
641,12051,"6,905",373.22
642,14083,43,372.22
643,13616,"2,341",370.99
644,11770,190,367.09
645,13126,"36,454",364.78
646,11949,"11,385",362.11
647,12020,"28,068",361.74
648,12542,"5,818",359.54
649,12570,"5,884",359.28
650,11980,"4,221",358.25
651,14903,"7,600",358.23
652,13357,"11,555",353.35
653,11939,777,353.18
654,13021,"41,704",344.08
655,12118,"11,767",340.76
656,10918,"11,492",340.65
657,14020,"23,055",338.17
658,14059,"8,937",337.86
659,10963,"4,660",335.94
660,13421,"13,192",335.89
661,10578,661,331.7
662,10519,156,329.62
663,11948,903,329.36
664,14420,"19,307",327.81
665,10924,"12,308",325.11
666,13748,"4,067",325.07
667,11935,"3,444",324.13
668,13313,620,324.08
669,13029,"5,684",324.06
670,13350,"9,878",324.06
671,10506,"5,537",320.81
672,14760,"20,510",317.64
673,11765,732,313.92
674,11956,316,312.87
675,12733,"1,608",312.12
676,10518,"1,552",311.39
677,14468,"16,526",309.35
678,10990,"19,315",308.6
679,12821,"3,219",307.18
680,12547,"2,350",306.29
681,11937,"13,289",306.18
682,12477,"20,199",306.12
683,13104,"14,414",305.89
684,12419,315,303.08
685,13859,213,302.57
686,12086,"1,554",302.37
687,12577,"1,614",299.6
688,14513,"14,858",298.77
689,14716,"3,641",295.48
690,12196,"2,841",295.33
691,13323,"11,772",295.1
692,12561,"17,435",294.15
693,12528,"12,770",290.49
694,10986,"1,739",290
695,13601,"36,990",289.22
696,14203,"1,009",288.6
697,11959,"1,015",282.85
698,12515,"1,068",278.89
699,14063,"14,690",278.39
700,14052,"18,248",277.1
701,12582,"4,550",275.44
702,14519,"11,020",272.43
703,13732,"8,380",269.93
704,12569,"8,842",268.79
705,14456,"20,216",267.42
706,13403,"7,919",267.07
707,12151,706,266.99
708,14464,"7,637",262.22
709,12033,"8,188",258.63
710,12721,"5,513",258.44
711,14502,"9,197",258.28
712,11978,"3,800",257.6
713,14568,"5,874",256.75
714,12015,"2,832",255.48
715,14814,"1,747",255.46
716,12571,"11,834",254.75
717,13045,"29,174",254.34
718,12759,"1,683",252.83
719,14845,"19,892",252.32
720,12143,"5,348",251.66
721,12589,"13,261",251.01
722,10973,"1,887",249.91
723,14004,"12,241",249.11
724,12489,290,245.85
725,12063,192,243.82
726,12594,"3,618",241.34
727,14564,"9,903",240.84
728,12548,"1,528",237.62
729,12439,107,237.34
730,14174,"5,742",236.6
731,10597,445,234.44
732,13602,"4,651",233.61
733,12443,"3,859",231.03
734,14032,"5,553",230.32
735,10560,"4,941",230.14
736,12779,"1,544",228.61
737,13424,"2,744",227.77
738,14034,"6,105",226.8
739,14830,"19,342",226.66
740,12010,"28,544",225.69
741,14132,"5,572",225.19
742,10985,57,221.72
743,12754,"7,130",221.61
744,13069,"26,451",221.49
745,12831,"14,204",220.64
746,10579,"7,945",219.04
747,12498,"5,417",218.9
748,14136,"5,429",217.26
749,14808,595,215.42
750,12095,"12,911",215.18
751,14108,"5,938",214.29
752,11954,"3,851",212.23
753,13037,"8,772",211.91
754,12549,"8,670",211.88
755,13078,"8,625",211.68
756,10524,"4,232",211.06
757,12463,"1,360",209.17
758,10171,1,207.69
759,13469,807,207.6
760,13120,"2,998",207.18
761,10576,"4,530",207.08
762,12534,"18,686",207.03
763,12531,"3,051",206.92
764,12481,"1,269",206.12
765,14892,"8,258",205.53
766,12841,87,205.47
767,14894,"2,531",204.75
768,12148,"2,929",203
769,13108,"6,057",202.8
770,12540,"6,633",201.11
771,14874,216,200.32
772,13082,"5,012",200.31
773,13135,"5,750",199.91
774,12158,"5,779",198.58
775,12186,"6,461",198.14
776,12078,"23,853",197.78
777,11965,"1,080",197.17
778,13820,"21,058",196.48
779,14454,"10,207",196.14
780,11933,"5,857",195.65
781,13060,"2,852",195.12
782,13795,"3,770",194.86
783,12491,"1,610",194.77
784,13030,"4,272",192.63
785,14522,"8,766",192.36
786,14424,"24,878",192.11
787,10916,"4,070",190.32
788,12184,"7,273",190.22
789,12580,"3,869",189.95
790,12487,"3,856",188.14
791,13662,"16,729",186.04
792,12751,387,185.89
793,13036,"8,462",185.61
794,12701,"11,522",184.21
795,12974,"1,540",184.13
796,13132,"4,310",183.89
797,12828,"8,358",182.36
798,11958,445,181.33
799,12566,"11,061",180.37
800,12572,"9,960",180.07
801,14589,"7,653",179.8
802,10919,562,179.76
803,12140,"1,303",177.63
804,14487,"5,786",177.53
805,14481,"3,676",177.34
806,12792,295,176.99
807,12413,"2,673",176.42
808,14057,"8,276",174.93
809,14170,"2,633",173.96
810,12173,"2,357",173.04
811,10926,"3,275",171.15
812,14472,"8,140",170.04
813,12170,"5,037",168.46
814,13669,"17,892",167.75
815,10516,"5,190",167.61
816,11964,"1,148",167.57
817,14432,"6,106",166.73
818,12789,"1,677",166.35
819,14414,"6,428",164.99
820,12583,"2,427",164.31
821,13456,"4,277",164.07
822,12956,"2,036",163.49
823,13148,"10,913",159.3
824,13607,"2,017",159.14
825,12585,956,158.68
826,12414,"11,641",157.73
827,13165,"10,828",157.68
828,11932,"1,429",156.98
829,11975,398,155.6
830,14028,"1,737",154.95
831,14548,"4,149",154.66
832,11976,"1,822",153.37
833,12470,729,153.28
834,13032,"12,427",152.93
835,12018,"7,513",152.57
836,12564,"6,644",151.41
837,10998,"3,648",151.2
838,12106,"2,297",149.79
839,12903,44,149.09
840,12123,"5,245",148.56
841,12009,"7,628",148.52
842,13346,"5,735",148.16
843,14475,223,146.15
844,11930,"1,167",146.14
845,14872,480,145.82
846,14470,"8,953",145.64
847,14870,"9,347",145.07
848,14428,"7,539",145.01
849,14069,785,144.19
850,12428,"8,367",144.13
851,14001,"9,289",142.12
852,14733,"4,019",142.1
853,12849,445,141.75
854,13490,"1,710",141.5
855,12451,"1,496",141.36
856,14546,"5,479",140.58
857,13076,"2,344",140.48
858,13080,"3,553",140.45
859,14103,"11,612",139.88
860,13166,"6,107",139.15
861,14482,"9,198",139.01
862,14585,273,138.68
863,13655,"2,558",138.4
864,14843,"13,383",138.25
865,14505,"5,908",137.77
866,14787,"5,487",137
867,13476,"3,219",134.24
868,12788,"2,935",134.2
869,14172,"3,230",133.56
870,14551,"5,596",133.44
871,12578,"2,105",132.28
872,13827,"11,823",132.16
873,12575,"2,089",131.84
874,13815,"14,019",131.5
875,13340,"7,937",130.86
876,12025,"5,683",130.46
877,12871,"4,033",130.38
878,12747,"1,939",130.37
879,12962,"5,967",130.13
880,14712,"3,533",129.79
881,13612,"2,711",129.63
882,14485,"4,593",129.39
883,12507,108,129.14
884,10958,"2,967",129.09
885,13152,"8,453",128.75
886,12192,"2,270",128.23
887,12863,596,127.39
888,12043,"8,207",126.6
889,13053,"4,413",126.51
890,14131,"5,307",124.95
891,14025,"3,141",124.91
892,14411,"14,676",124.78
893,14530,"5,780",124.53
894,13164,"1,759",124.25
895,14543,"3,296",123.87
896,13833,"4,463",123.69
897,12775,"1,666",122.96
898,12749,251,122.24
899,12041,14,121.41
900,12778,735,121.32
901,12484,"2,540",121.13
902,14865,"2,699",120.48
903,12433,404,120.3
904,14882,"3,943",119.52
905,13685,"2,206",119.49
906,12522,"5,691",119.24
907,13637,"3,849",118.93
908,13145,"1,874",118.44
909,14011,"8,170",117.57
910,12405,454,116.16
911,14816,624,115.83
912,12070,"1,276",115.71
913,12833,"4,492",115.54
914,12460,376,115.42
915,13308,"4,867",114.94
916,12068,"3,999",114.73
917,13074,"4,340",114.58
918,12056,"2,219",114.22
919,12791,448,113.68
920,14033,"2,062",112.99
921,13363,"2,397",112.9
922,12526,"3,638",112.74
923,13304,"1,655",111.93
924,14769,"1,024",111.83
925,13073,"6,000",111.34
926,14070,"5,735",110.57
927,14489,"7,669",109.24
928,12752,145,109.14
929,13428,"1,698",108.85
930,14532,"4,392",108.25
931,12859,"1,984",107.53
932,12748,"1,929",107.05
933,14125,"3,839",107.02
934,12090,"6,189",106.75
935,14478,"1,364",106.75
936,12037,"4,017",106.52
937,14416,"3,875",106.52
938,13408,"3,908",106.48
939,14744,"2,282",106.14
940,13068,"5,038",105.76
941,13619,"11,112",105.64
942,13077,"6,823",105.61
943,13676,"17,029",105.45
944,13084,"4,215",105.39
945,14141,"7,858",104.83
946,13114,"6,462",104.63
947,12440,"2,010",104.51
948,11957,662,104.48
949,10170,1,103.92
950,14864,"1,427",103.6
951,12514,"2,854",102.78
952,13777,"1,049",102.62
953,14042,"4,553",102.5
954,14105,"4,483",102.42
955,13668,"3,173",102.38
956,14067,"5,128",102.36
957,10969,"1,084",101.95
958,12525,"2,868",101.58
959,14437,"12,296",101.47
960,13035,"8,065",101.44
961,12420,369,100.37
962,14423,"4,953",100.25
963,14770,"3,269",100.17
964,14810,"12,536",100.03
965,13478,"3,219",99.98
966,12125,"1,493",99.68
967,12404,"3,772",99.24
968,13407,"5,724",99.03
969,13167,"3,449",98.85
970,12157,"3,987",98.8
971,12845,"4,801",98.75
972,13744,"1,202",98.61
973,13160,"1,856",98.43
974,14036,"5,243",98.22
975,14545,203,97.91
976,12838,649,97.53
977,14466,"1,593",97.39
978,14476,"2,623",96.81
979,12134,"2,623",96.23
980,14471,"2,861",95.89
981,12844,269,95.85
982,13110,"2,472",95.54
983,14706,"7,596",95.16
984,13746,"2,203",95.09
985,12785,186,94.98
986,12035,"1,287",94.15
987,14081,"3,418",94.07
988,13624,"5,810",93.9
989,14527,"12,970",93.9
990,12185,"2,096",93.67
991,14469,"5,982",93.54
992,12121,"1,806",92.82
993,10975,307,92.36
994,13112,"1,922",91.87
995,13142,"6,595",91.29
996,12972,"5,615",91.21
997,14779,"7,352",90.47
998,13365,"8,926",90.46
999,14895,"10,311",90.4
"1,000.00",13406,710,89.76
"1,001.00",13140,"4,915",89.67
"1,002.00",14886,"6,441",89.07
"1,003.00",12431,"1,463",88.77
"1,004.00",13034,"1,933",88.49
"1,005.00",14516,"2,672",87.85
"1,006.00",14111,"3,160",87.5
"1,007.00",13317,"3,809",87.36
"1,008.00",12822,"5,721",87.02
"1,009.00",14139,"2,031",86.82
"1,010.00",14871,"4,908",86.1
"1,011.00",12516,"1,806",86.04
"1,012.00",14080,"4,727",85.83
"1,013.00",14517,"2,801",85.11
"1,014.00",14569,"6,481",84.78
"1,015.00",14891,"4,409",84.74
"1,016.00",12729,"1,302",84.55
"1,017.00",13054,"2,162",84.49
"1,018.00",12067,"1,854",83.72
"1,019.00",14590,"5,385",83.47
"1,020.00",12493,547,83.4
"1,021.00",12592,"1,214",83.22
"1,022.00",12545,"4,850",83.22
"1,023.00",13802,743,83.18
"1,024.00",12075,"3,106",82.77
"1,025.00",14867,"5,430",82.61
"1,026.00",14521,"3,624",82.06
"1,027.00",13634,"3,825",81.93
"1,028.00",14039,117,81.78
"1,029.00",13044,"2,776",81.41
"1,030.00",12742,132,81.35
"1,031.00",13425,"1,970",80.99
"1,032.00",14757,"3,875",80.8
"1,033.00",12953,"16,270",80.72
"1,034.00",12832,"7,199",80.68
"1,035.00",13042,"2,479",80.57
"1,036.00",11962,405,79.81
"1,037.00",13617,"10,942",79.57
"1,038.00",12921,"2,392",79.53
"1,039.00",13322,"1,104",79.47
"1,040.00",12523,"1,976",78.99
"1,041.00",12083,"3,154",78.79
"1,042.00",13862,"3,936",77.63
"1,043.00",12094,"2,163",77.44
"1,044.00",12746,"1,144",77.27
"1,045.00",13143,"3,416",77.26
"1,046.00",12919,"2,957",77.22
"1,047.00",14143,"1,347",77.12
"1,048.00",14533,"2,320",76.87
"1,049.00",13861,652,76.58
"1,050.00",13328,"1,266",76.41
"1,051.00",13131,"4,029",76.35
"1,052.00",13812,"2,454",76.23
"1,053.00",12790,"5,454",76.19
"1,054.00",14422,"2,518",76.14
"1,055.00",12137,"1,544",76.14
"1,056.00",12423,"1,041",76.08
"1,057.00",13156,"2,313",76.07
"1,058.00",14012,"2,603",75.85
"1,059.00",14869,"1,435",75.66
"1,060.00",11430,229,75.35
"1,061.00",12058,"1,400",75.28
"1,062.00",12918,"2,781",75.17
"1,063.00",14009,"5,695",75.17
"1,064.00",14435,"2,733",74.41
"1,065.00",14710,"3,961",74.38
"1,066.00",12834,"6,678",73.2
"1,067.00",14718,"2,183",73.14
"1,068.00",12780,"2,117",72.7
"1,069.00",12412,927,72.57
"1,070.00",13811,"4,348",72.46
"1,071.00",14030,"1,617",72.41
"1,072.00",12501,"2,340",72.33
"1,073.00",14415,62,72.02
"1,074.00",12416,87,72
"1,075.00",13480,"3,459",71.97
"1,076.00",12117,"3,223",71.6
"1,077.00",12763,766,71.34
"1,078.00",12485,"1,480",71.23
"1,079.00",13606,"2,727",71.16
"1,080.00",10987,"3,148",70.78
"1,081.00",12446,"4,925",70.62
"1,082.00",14040,"2,331",70.48
"1,083.00",12765,836,70.39
"1,084.00",12053,"4,497",70.32
"1,085.00",14550,"1,732",70.15
"1,086.00",13159,"5,277",70.08
"1,087.00",12727,23,69.84
"1,088.00",13667,"3,524",69.47
"1,089.00",14433,"4,679",69.32
"1,090.00",13460,"4,424",69.13
"1,091.00",12434,663,69.13
"1,092.00",14571,"1,119",69.01
"1,093.00",13033,"4,544",68.94
"1,094.00",12816,"4,845",68.63
"1,095.00",6390,289,68.43
"1,096.00",14544,"1,908",68.35
"1,097.00",12860,"1,150",68.33
"1,098.00",13028,"1,380",68.14
"1,099.00",14037,"1,067",67.87
"1,100.00",14510,"5,094",67.55
"1,101.00",14572,"5,282",67.49
"1,102.00",14777,620,67.47
"1,103.00",13409,"2,181",67.41
"1,104.00",13329,"3,976",67.35
"1,105.00",13477,"1,398",67.04
"1,106.00",12546,"3,103",66.87
"1,107.00",13694,"1,360",66.75
"1,108.00",13797,"2,405",66.33
"1,109.00",12154,"2,704",66.2
"1,110.00",13310,491,66.07
"1,111.00",14837,"5,314",65.99
"1,112.00",13673,"2,349",65.93
"1,113.00",12029,"1,387",65.56
"1,114.00",13118,"6,728",65.39
"1,115.00",13101,"2,309",65.31
"1,116.00",13675,98,65.24
"1,117.00",14715,"3,277",65.18
"1,118.00",12734,837,65.14
"1,119.00",12074,"3,195",65.11
"1,120.00",13026,"1,841",64.77
"1,121.00",12762,342,64.67
"1,122.00",12809,"3,667",64.5
"1,123.00",12766,456,64.42
"1,124.00",12885,"4,646",64.29
"1,125.00",12059,"1,843",63.9
"1,126.00",13849,"5,151",63.75
"1,127.00",14477,"1,689",63.72
"1,128.00",13450,219,63.59
"1,129.00",13825,"3,535",63.58
"1,130.00",13339,"6,787",63.45
"1,131.00",13809,"1,372",63.27
"1,132.00",12846,"3,162",63.26
"1,133.00",13452,"4,408",63.2
"1,134.00",14427,"2,181",63.05
"1,135.00",12092,861,63.04
"1,136.00",14841,773,62.48
"1,137.00",13111,"1,748",62.39
"1,138.00",13778,"6,389",62.32
"1,139.00",12787,223,62.22
"1,140.00",13301,219,62.12
"1,141.00",12992,"4,533",62.12
"1,142.00",13642,"10,329",62
"1,143.00",12160,"1,177",61.96
"1,144.00",13743,"3,807",61.88
"1,145.00",12770,272,61.78
"1,146.00",12457,"1,123",61.77
"1,147.00",13122,"1,209",61.46
"1,148.00",13787,"3,642",61.37
"1,149.00",12883,"5,160",61.26
"1,150.00",12723,"2,251",61.09
"1,151.00",14098,"2,896",61.01
"1,152.00",13354,"3,090",61
"1,153.00",13734,"2,511",60.92
"1,154.00",14847,"2,411",60.9
"1,155.00",12935,"5,494",60.81
"1,156.00",14145,"1,732",60.35
"1,157.00",13865,"6,507",60.24
"1,158.00",12517,317,60.19
"1,159.00",14525,"2,971",60.08
"1,160.00",14821,"3,503",59.9
"1,161.00",12567,"2,938",59.84
"1,162.00",14008,"1,489",59.67
"1,163.00",12028,"1,100",59.64
"1,164.00",12116,"1,807",59.58
"1,165.00",14058,"2,325",59.52
"1,166.00",12741,252,59.51
"1,167.00",13796,"1,190",59.08
"1,168.00",12066,"1,797",58.91
"1,169.00",12062,"1,728",58.83
"1,170.00",12057,"1,713",58.62
"1,171.00",14561,"2,875",58.56
"1,172.00",12031,130,58.54
"1,173.00",13605,"4,615",58.5
"1,174.00",12046,934,58.33
"1,175.00",14560,"2,134",58.21
"1,176.00",13733,"4,874",57.87
"1,177.00",13318,"1,429",57.87
"1,178.00",14840,"3,406",57.84
"1,179.00",14842,909,57.74
"1,180.00",14738,"3,800",57.64
"1,181.00",12719,"1,012",57.57
"1,182.00",14736,289,57.31
"1,183.00",12494,714,57.23
"1,184.00",13753,"5,474",57.17
"1,185.00",12887,"4,710",57.05
"1,186.00",14005,"1,753",56.99
"1,187.00",12581,"2,231",56.96
"1,188.00",14838,"2,105",56.43
"1,189.00",14129,"1,812",56.32
"1,190.00",12461,"1,781",56.06
"1,191.00",12156,923,55.99
"1,192.00",14065,"2,003",55.78
"1,193.00",12865,"3,152",55.74
"1,194.00",12850,"2,242",55.73
"1,195.00",12738,320,55.7
"1,196.00",13326,"5,598",55.66
"1,197.00",12783,"2,169",55.63
"1,198.00",13807,"1,319",55.42
"1,199.00",14055,"1,469",54.86
"1,200.00",12168,"2,083",54.65
"1,201.00",12042,812,54.62
"1,202.00",13730,"2,982",54.52
"1,203.00",14857,9,54.34
"1,204.00",14747,"2,436",54.19
"1,205.00",12072,"2,545",54
"1,206.00",12193,"2,117",53.87
"1,207.00",14772,"4,274",53.43
"1,208.00",13750,"1,305",53.35
"1,209.00",14883,"3,866",53.1
"1,210.00",12165,236,53.05
"1,211.00",14881,161,52.93
"1,212.00",14726,"2,144",52.93
"1,213.00",14812,"3,932",52.7
"1,214.00",13402,"1,694",52.56
"1,215.00",12064,480,52.42
"1,216.00",14091,"1,135",52.36
"1,217.00",14879,"1,985",52.19
"1,218.00",14740,"1,138",52.09
"1,219.00",14825,918,52.02
"1,220.00",12429,51,51.88
"1,221.00",13431,"1,840",51.74
"1,222.00",13334,"1,526",51.41
"1,223.00",12149,"2,008",51.26
"1,224.00",13092,"2,498",51.13
"1,225.00",14462,632,50.98
"1,226.00",13780,923,50.89
"1,227.00",12957,"1,798",50.88
"1,228.00",13620,"2,499",50.78
"1,229.00",14782,"2,932",50.6
"1,230.00",14817,"2,282",50.59
"1,231.00",14803,"1,241",50.54
"1,232.00",13146,"2,541",50.36
"1,233.00",12958,"1,737",50.3
"1,234.00",14082,428,49.98
"1,235.00",13491,"3,784",49.93
"1,236.00",14775,"2,736",49.91
"1,237.00",14801,"5,427",49.62
"1,238.00",13333,142,49.45
"1,239.00",14591,"1,570",49.43
"1,240.00",14101,"1,949",49.07
"1,241.00",14167,"1,646",48.71
"1,242.00",13483,160,48.6
"1,243.00",12965,489,48.5
"1,244.00",12176,175,48.45
"1,245.00",14727,"5,366",48.44
"1,246.00",13063,"2,027",48.13
"1,247.00",13468,459,48.1
"1,248.00",14815,973,48.05
"1,249.00",13418,325,47.97
"1,250.00",12052,"1,000",47.48
"1,251.00",14062,"3,351",47.42
"1,252.00",14878,747,47.36
"1,253.00",12944,"4,402",47.17
"1,254.00",13808,"1,894",46.99
"1,255.00",14809,"2,610",46.88
"1,256.00",12837,849,46.87
"1,257.00",14013,"1,822",46.84
"1,258.00",13803,"4,225",46.8
"1,259.00",14054,"1,361",46.53
"1,260.00",14823,"3,985",46.51
"1,261.00",12937,"1,524",46.51
"1,262.00",13332,"2,400",46.48
"1,263.00",13411,"3,332",46.39
"1,264.00",12409,464,46.35
"1,265.00",14507,"1,385",46.35
"1,266.00",13864,"1,085",46.16
"1,267.00",13439,"3,893",45.96
"1,268.00",12136,875,45.9
"1,269.00",13368,"1,162",45.65
"1,270.00",14541,"2,006",45.57
"1,271.00",12916,"1,857",45.54
"1,272.00",13754,"3,437",45.34
"1,273.00",12521,"1,499",45.3
"1,274.00",12946,"8,098",45.22
"1,275.00",13841,399,44.89
"1,276.00",12736,152,44.81
"1,277.00",14860,"1,142",44.8
"1,278.00",13438,"4,364",44.73
"1,279.00",14861,"1,459",44.71
"1,280.00",13141,789,44.58
"1,281.00",12458,"2,243",44.3
"1,282.00",14512,"4,668",44.28
"1,283.00",13786,435,44.26
"1,284.00",13416,"2,228",44.25
"1,285.00",12737,"1,500",44.14
"1,286.00",14818,"1,842",44.11
"1,287.00",12960,"1,019",43.66
"1,288.00",14113,775,43.63
"1,289.00",13337,868,43.47
"1,290.00",12926,"2,083",43.34
"1,291.00",13830,"5,144",43.18
"1,292.00",13459,"2,047",43.15
"1,293.00",14858,"1,783",42.9
"1,294.00",12115,242,42.87
"1,295.00",13071,"1,029",42.8
"1,296.00",12167,"2,499",42.79
"1,297.00",14711,"1,931",42.72
"1,298.00",13471,"3,466",42.55
"1,299.00",13061,930,42.45
"1,300.00",12910,"2,340",42.36
"1,301.00",13863,598,42.29
"1,302.00",14754,545,42.25
"1,303.00",12996,"2,129",42.17
"1,304.00",14171,"2,180",41.87
"1,305.00",13309,"5,942",41.64
"1,306.00",13608,"1,618",41.55
"1,307.00",14066,"1,514",41.52
"1,308.00",14813,"2,538",41.36
"1,309.00",12153,902,41.14
"1,310.00",14728,"1,071",41.08
"1,311.00",12726,"1,185",40.93
"1,312.00",14805,"1,207",40.92
"1,313.00",14755,"2,987",40.84
"1,314.00",12122,"4,348",40.83
"1,315.00",14807,"3,120",40.82
"1,316.00",12920,"2,537",40.73
"1,317.00",13661,"2,048",40.3
"1,318.00",12529,"2,457",40.15
"1,319.00",13144,"1,576",40.11
"1,320.00",13335,"1,557",40
"1,321.00",14748,660,39.86
"1,322.00",14737,"4,275",39.77
"1,323.00",12496,"1,097",39.75
"1,324.00",13081,"1,189",39.41
"1,325.00",14767,"1,910",39.29
"1,326.00",13316,"6,664",39.25
"1,327.00",14743,"2,034",39.15
"1,328.00",13314,939,39.08
"1,329.00",14138,"2,144",39.03
"1,330.00",13843,"1,720",39.02
"1,331.00",13622,"2,082",38.82
"1,332.00",12138,"3,678",38.78
"1,333.00",14719,"3,561",38.47
"1,334.00",12784,59,38.39
"1,335.00",12087,504,38.39
"1,336.00",13348,"1,359",38.38
"1,337.00",14739,"2,968",38.31
"1,338.00",12817,"2,187",38.3
"1,339.00",13776,797,37.86
"1,340.00",12120,539,37.75
"1,341.00",13660,"2,014",37.67
"1,342.00",13736,"2,342",37.61
"1,343.00",12060,"1,396",37.61
"1,344.00",14731,"1,773",37.49
"1,345.00",14826,"2,254",37.41
"1,346.00",13842,538,37.02
"1,347.00",13839,"1,666",37.01
"1,348.00",14889,"1,458",37
"1,349.00",14897,890,36.99
"1,350.00",14418,"1,481",36.71
"1,351.00",12023,"2,121",36.68
"1,352.00",13691,"2,729",36.61
"1,353.00",12459,354,36.6
"1,354.00",12442,608,36.46
"1,355.00",13775,"1,735",36.34
"1,356.00",10020,1,36.19
"1,357.00",13680,"1,303",36.02
"1,358.00",13835,"1,545",35.96
"1,359.00",12422,291,35.95
"1,360.00",13654,"2,329",35.94
"1,361.00",14536,664,35.92
"1,362.00",13052,"1,631",35.86
"1,363.00",12732,900,35.82
"1,364.00",12983,"7,148",35.73
"1,365.00",14806,"2,302",35.7
"1,366.00",12823,190,35.62
"1,367.00",14784,"1,012",35.55
"1,368.00",13303,"1,190",35.5
"1,369.00",13856,"6,568",35.4
"1,370.00",12187,684,35.31
"1,371.00",12824,735,35.07
"1,372.00",12959,"1,467",34.82
"1,373.00",12448,218,34.25
"1,374.00",12418,612,34.03
"1,375.00",12197,"2,397",33.92
"1,376.00",12022,813,33.87
"1,377.00",14880,"1,644",33.8
"1,378.00",14873,"2,422",33.73
"1,379.00",12473,736,33.57
"1,380.00",14709,"1,510",33.5
"1,381.00",12435,261,33.42
"1,382.00",13697,"2,165",33.37
"1,383.00",14824,869,33.34
"1,384.00",13625,"1,882",33.32
"1,385.00",12941,"1,429",33.28
"1,386.00",14741,"2,076",33.24
"1,387.00",13804,389,33.24
"1,388.00",13147,"1,204",33.12
"1,389.00",14735,"2,643",32.98
"1,390.00",14724,"2,577",32.98
"1,391.00",12966,"2,836",32.87
"1,392.00",13614,289,32.75
"1,393.00",13810,"1,296",32.74
"1,394.00",13844,"1,034",32.67
"1,395.00",13302,"1,556",32.63
"1,396.00",13464,"1,341",32.39
"1,397.00",12175,950,32.37
"1,398.00",12786,665,32.28
"1,399.00",12814,"1,552",32.2
"1,400.00",13343,"1,752",32.19
"1,401.00",14855,841,32.03
"1,402.00",12724,296,32.02
"1,403.00",12166,"1,501",31.92
"1,404.00",12873,808,31.79
"1,405.00",12914,"1,163",31.65
"1,406.00",14723,"1,262",31.63
"1,407.00",12147,528,31.54
"1,408.00",12502,"1,114",31.38
"1,409.00",14836,"1,103",31.22
"1,410.00",13656,"2,655",31.18
"1,411.00",12827,"3,815",31.12
"1,412.00",13486,832,31.08
"1,413.00",12917,"1,312",30.8
"1,414.00",13613,"2,450",30.78
"1,415.00",13433,"1,732",30.73
"1,416.00",12468,"1,349",30.62
"1,417.00",12740,"2,088",30.62
"1,418.00",14859,"1,137",30.57
"1,419.00",13493,"2,199",30.5
"1,420.00",14753,"1,212",30.46
"1,421.00",13788,912,30.1
"1,422.00",13846,342,30.09
"1,423.00",12503,830,29.94
"1,424.00",13083,"1,759",29.59
"1,425.00",12036,265,29.58
"1,426.00",12768,"1,030",29.47
"1,427.00",13658,"2,356",29.43
"1,428.00",12454,552,29.31
"1,429.00",13690,"1,139",29.3
"1,430.00",14781,"2,149",29.23
"1,431.00",13757,"1,107",29.05
"1,432.00",12155,"1,742",29.04
"1,433.00",12764,"1,717",29.03
"1,434.00",12928,"2,122",28.94
"1,435.00",12444,451,28.89
"1,436.00",14714,345,28.82
"1,437.00",13136,621,28.77
"1,438.00",12952,583,28.76
"1,439.00",13832,675,28.76
"1,440.00",13682,891,28.72
"1,441.00",14822,"1,130",28.5
"1,442.00",14729,"1,025",28.43
"1,443.00",13355,692,28.32
"1,444.00",13158,"2,036",28.22
"1,445.00",12474,"1,011",28.06
"1,446.00",13630,"1,402",28.05
"1,447.00",14060,441,28.01
"1,448.00",13485,945,27.99
"1,449.00",13040,"2,831",27.81
"1,450.00",12758,"4,339",27.8
"1,451.00",13072,"1,043",27.71
"1,452.00",12455,"2,082",27.6
"1,453.00",13774,286,27.49
"1,454.00",12911,35,27.43
"1,455.00",13315,"1,397",27.3
"1,456.00",12430,"1,129",27.29
"1,457.00",13650,"1,319",27.23
"1,458.00",12986,"6,507",26.92
"1,459.00",13361,724,26.9
"1,460.00",14024,"1,741",26.78
"1,461.00",12967,"1,099",26.47
"1,462.00",14804,"1,522",26.45
"1,463.00",13124,135,26.2
"1,464.00",13342,232,26.13
"1,465.00",12495,189,25.99
"1,466.00",12993,"1,704",25.84
"1,467.00",13813,916,25.79
"1,468.00",14820,804,25.77
"1,469.00",14898,"1,497",25.75
"1,470.00",14783,412,25.64
"1,471.00",13155,677,25.34
"1,472.00",13626,"2,169",25.19
"1,473.00",13320,"2,171",25.15
"1,474.00",13755,"1,126",24.93
"1,475.00",14717,779,24.4
"1,476.00",13679,"1,727",24.37
"1,477.00",12169,166,24.35
"1,478.00",12981,"2,673",24.12
"1,479.00",12406,892,24.04
"1,480.00",13652,"1,931",24
"1,481.00",12093,"1,404",23.62
"1,482.00",13621,699,23.55
"1,483.00",13783,"2,497",23.23
"1,484.00",13473,759,23.14
"1,485.00",13640,326,23.07
"1,486.00",14846,766,22.84
"1,487.00",12835,"2,882",22.78
"1,488.00",13739,966,22.72
"1,489.00",12464,"1,173",22.57
"1,490.00",13635,"1,081",22.55
"1,491.00",13681,820,22.45
"1,492.00",12450,430,22.24
"1,493.00",12407,469,22.02
"1,494.00",13618,"1,796",21.96
"1,495.00",12071,279,21.82
"1,496.00",13801,"1,333",21.65
"1,497.00",12912,"2,138",21.62
"1,498.00",13693,470,21.53
"1,499.00",13665,827,21.47
"1,500.00",12421,777,21.09
"1,501.00",12815,955,20.91
"1,502.00",12945,736,20.62
"1,503.00",13489,763,20.3
"1,504.00",13367,"8,435",20.27
"1,505.00",12913,"1,194",19.95
"1,506.00",13782,777,19.52
"1,507.00",12861,645,19.47
"1,508.00",13646,"2,239",19.03
"1,509.00",12469,783,18.82
"1,510.00",13327,"2,148",18.68
"1,511.00",14819,755,18.54
"1,512.00",12076,"1,270",18.54
"1,513.00",12930,571,18.25
"1,514.00",14885,780,18.2
"1,515.00",12932,"1,406",18.03
"1,516.00",12853,"2,082",17.62
"1,517.00",12743,303,17.6
"1,518.00",13756,518,17.56
"1,519.00",12032,835,17.51
"1,520.00",12886,84,17.47
"1,521.00",12017,288,17.37
"1,522.00",12776,"2,473",17.36
"1,523.00",14839,728,17.27
"1,524.00",13324,"1,989",17.22
"1,525.00",12836,678,16.47
"1,526.00",14708,171,16.45
"1,527.00",12194,215,16.41
"1,528.00",13752,715,15.86
"1,529.00",12492,281,15.85
"1,530.00",12970,"1,450",15.47
"1,531.00",13740,568,15.44
"1,532.00",12808,285,15.29
"1,533.00",12410,820,15.28
"1,534.00",13633,319,15.27
"1,535.00",12985,"1,187",15.08
"1,536.00",12843,665,14.82
"1,537.00",12934,"1,126",14.75
"1,538.00",12936,479,14.65
"1,539.00",12870,"1,677",14.58
"1,540.00",12720,168,14.39
"1,541.00",12950,749,14.13
"1,542.00",12424,303,14.13
"1,543.00",12480,787,14.1
"1,544.00",12777,781,14.05
"1,545.00",13648,"2,427",14.04
"1,546.00",14884,309,13.75
"1,547.00",12955,401,13.66
"1,548.00",12810,643,13.54
"1,549.00",13731,"1,275",13.31
"1,550.00",14877,651,13.08
"1,551.00",13639,191,13.03
"1,552.00",12164,476,12.96
"1,553.00",12760,729,12.74
"1,554.00",13420,"1,587",12.39
"1,555.00",12131,217,12.12
"1,556.00",12987,326,11.71
"1,557.00",12923,657,11.48
"1,558.00",13687,333,11.4
"1,559.00",13312,689,11.35
"1,560.00",13470,705,11
"1,561.00",12942,670,10.83
"1,562.00",12961,171,10.67
"1,563.00",13475,7,10.11
"1,564.00",13325,949,9.41
"1,565.00",13659,544,9.33
"1,566.00",13454,712,8.95
"1,567.00",12878,714,8.66
"1,568.00",12819,364,8.61
"1,569.00",12874,176,8.56
"1,570.00",13360,412,8.54
"1,571.00",12989,853,8.34
"1,572.00",12427,381,8.22
"1,573.00",12857,502,7.58
"1,574.00",12980,"1,347",6.95
"1,575.00",12842,"1,345",6.76
"1,576.00",13684,982,5.56
"1,577.00",13338,"1,619",5.48
"1,578.00",13437,497,5.47
"1,579.00",12964,142,5.06
"1,580.00",12927,258,5
"1,581.00",12108,419,4.88
"1,582.00",12969,554,4.84
"1,583.00",12851,366,4.63
"1,584.00",13670,613,4.55
"1,585.00",12190,737,4.11
"1,586.00",12725,260,4.1
"1,587.00",13436,123,4.07
"1,588.00",13331,293,3.82
"1,589.00",12856,224,3.78
"1,590.00",12943,391,3.67
"1,591.00",12858,48,3.67
"1,592.00",13672,367,3.3
"1,593.00",12852,481,3.07
"1,594.00",12812,126,2.63
"1,595.00",12847,723,1.77
"1,596.00",12139,272,1.48
"1,597.00",12855,263,1.43
"1,598.00",13353,151,0.9
"1,599.00",12922,58,0.26